lon,lat,Type,Covered,Fuel,Tourism,Source,Fee,Designation,Access,Burners,Issues,Note,Description,Leisure,Name,Bin,Postcode,Suburb,Geometry,Elevation,MSL,Elevation Source,Operator
144.9623043,-37.7851195,,,,,,,,,,,,,,,,,,,,,,
144.9690736,-37.7856729,,,,,,,,,,,,,,,,,,,,,,
145.2919197,-37.8898885,electric,,,,,,,,,,,,,,,,,,,,,
144.905902,-37.7930181,,,,,,,,,,,,,,,,,,,,,,
144.9065886,-37.7933572,,,,,,,,,,,,,,,,,,,,,,
144.8853083,-37.8171491,,,,,,,,,,,,,,,,,,,,,,
145.3213947,-37.8003983,,,,,,,,,,,,,,,,,,,,,,
145.0450398,-37.9217679,,,,,,,,,,,,,,,,,,,,,,
145.0431784,-37.922406,,,,,,,,,,,,,,,,,,,,,,
145.2272796,-37.9660549,,,,,,,,,,,,,,,,,,,,,,
145.2224342,-37.9461035,,,,,,,,,,,,,,,,,,,,,,
145.1407278,-37.9071862,,,,,,,,,,,,,,,,,,,,,,
145.1304769,-37.9103604,,,,,,,,,,,,,,,,,,,,,,
145.4840689,-38.0745183,,yes,electric,,,,,,,,,,,,,,,,,,,
144.5822016,-37.4213338,,,,,,,,,,,,,,,,,,,,,,
145.6043816,-37.6141477,,,,,,,,,,,,,,,,,,,,,,
144.9642836,-37.7603355,,,,,,,,,,,,,,,,,,,,,,
144.901134,-37.7068358,,,,,,,,,,,,,,,,,,,,,,
144.8876284,-37.6947286,,,,,,,,,,,,,,,,,,,,,,
145.0192808,-37.7971574,,,electric,,,,,,,,,,,,,,,,,,,
145.0086656,-37.8009435,,,electric,,,,,,,,,,,,,,,,,,,
145.0093019,-37.8007919,,,electric,,,,,,,,,,,,,,,,,,,
145.2104438,-37.7409738,,,electric,,,,,,,,,,,,,,,,,,,
144.921081,-37.7045013,,,,,,,,,,,,,,,,,,,,,,
144.985534,-37.8055659,,,electric,,,,,,,,,,,,,,,,,,,
145.0401373,-37.8387087,,,,,,,,,,,,,,,,,,,,,,
144.9529302,-37.7868311,,,,,,,,,,,,,,,,,,,,,,
144.952985,-37.7869893,,,,,,,,,,,,,,,,,,,,,,
144.9472737,-37.8219959,,,,,,,,,,,,,,,,,,,,,,
144.939865,-37.7795033,,,,,,,,,,,,,,,,,,,,,,
144.98727,-37.8390381,,,,,,,,,,,,,,,,,,,,,,
145.1158946,-37.909442,,,,,,,,,,,,,,,,,,,,,,
145.3772244,-38.2150898,,,,,,,,,,,,,,,,,,,,,,
144.9403775,-37.7937134,,,,,,,,,,,,,,,,,,,,,,
144.9103489,-37.8307907,,,,,,,,,,,,,,,,,,,,,,
144.943413,-37.7990839,,,,,,,,,,,,,,,,,,,,,,
144.9740703,-37.8669481,,,,picnic_site,,,,,,,,,,,,,,,,,,
144.9441336,-37.7709749,,,,,,,,,,,,,,,,,,,,,,
144.9769929,-37.8804838,,,electric,,,,,,,,,,,,,,,,,,,
144.9769031,-37.8804324,,,electric,,,,,,,,,,,,,,,,,,,
144.9765732,-37.881455,,,electric,,,,,,,,,,,,,,,,,,,
144.9765155,-37.881736,,,electric,,,,,,,,,,,,,,,,,,,
145.19241,-37.8970813,,,wood,,,,,,,,,,,,,,,,,,,
145.2166961,-37.9913229,,,,,,,,,,,,,,,,,,,,,,
145.2865645,-37.8760648,,,,,,,,,,,,,,,,,,,,,,
145.286535,-37.876267,,,,,,,,,,,,,,,,,,,,,,
145.2865525,-37.8761897,,,,,,,,,,,,,,,,,,,,,,
145.088163,-37.669847,,,,picnic_site,,,,,,,,,,,,,,,,,,
145.0884239,-37.6696556,,,,picnic_site,,,,,,,,,,,,,,,,,,
145.3930414,-37.9705743,,,,,,,,,,,,,,,,,,,,,,
144.3903198,-38.0213895,,,,,,,,,,,,,,,,,,,,,,
144.8444816,-37.8679719,,,,,,,,,,,,,,,,,,,,,,
145.6761078,-38.0917662,,,,,,,,,,,,,,,,,,,,,,
145.1899246,-37.821051,,,,,,,,,,,,,,,,,,,,,,
145.1872169,-37.8237481,,,,,,,,,,,,,,,,,,,,,,
144.8760816,-37.6911222,,,,,survey,,,,,,,,,,,,,,,,,
144.954882,-37.8095768,,,,,,,,,,,,,,,,,,,,,,
144.7636311,-37.7033794,,,,,,,,,,,,,,,,,,,,,,
145.336238,-38.0261093,,,,,,,,,,,,,,,,,,,,,,
144.994554,-37.802904,,,,,,,,,,,,,,,,,,,,,,
145.0373667,-37.7681765,,,,,,,,,,,,,,,,,,,,,,
144.4268461,-37.9593661,,,electric,,survey,,,,,,,,,,,,,,,,,
144.4262191,-37.9585286,,,electric,,survey,,,,,,,,,,,,,,,,,
145.3792161,-37.7852619,,,,,,,,,,,,,,,,,,,,,,
145.6906567,-37.752579,,yes,electric,,,,,,,,,,,,,,,,,,,
145.6905933,-37.752575,,yes,electric,,,,,,,,,,,,,,,,,,,
145.6918331,-37.7525913,,yes,electric,,,,,,,,,,,,,,,,,,,
145.6922134,-37.7526133,,yes,electric,,,,,,,,,,,,,,,,,,,
145.5504556,-37.9519536,,,,,,,,,,,,,,,,,,,,,,
144.8727188,-37.7687669,,,,,,,,,,,,,,,,,,,,,,
144.8322112,-37.734029,,,,,,,,,,,,,,,,,,,,,,
144.9335693,-37.7606646,,,,,,,,,,,,,,,,,,,,,,
,144.4829168,-37.6302217,,,,,,,,,,,,,,,,,,,,,,
,144.7771734,-37.6897657,,,,,,,,,,,,,,,,,,,,,,
,145.1244188,-37.9050173,,,,,survey,,,,,,,,,,,,,,,,,
,144.9307811,-37.7955634,,,,,,,,,,,,,,,,,,,,,,
,145.0078541,-37.807642,,,,picnic_site,,,,,,,,,,,,,,,,,,
,144.412398,-38.005473,,,,,,,,,,,,,,,,,,,,,,
,145.297282,-38.0570169,,,,,,,,,,,,,,,,,,,,,,
,145.3123355,-38.1202869,,,,,,,,,,,,,,,,,,,,,,
,145.312855,-38.1206087,,,,,,,,,,,,,,,,,,,,,,
,145.3131667,-38.1218288,,,,,,,,,,,,,,,,,,,,,,
,145.2831011,-38.1065045,,,,,,,,,,,,,,,,,,,,,,
,145.2830313,-38.10661,,,,,,,,,,,,,,,,,,,,,,
,145.193292,-37.965046,,,,,,,,,,,,,,,,,,,,,,
,145.1464905,-37.9951744,,,electric,,,,,,,,,,,,,,,,,,,
,145.3571194,-37.9073645,,,,,,,,,,,,,,,,,,,,,,
,145.1404779,-38.1746725,,,,,,,,,,,,,,,,,,,,,,
,145.1416709,-38.1742002,,,,,,,,,,,,,,,,,,,,,,
,145.5546539,-37.953208,,,,,,,,,,,,,,,,,,,,,,
,145.032806,-37.7725669,,,,,,,,,,,,,,,,,,,,,,
,145.1236972,-37.5112399,,,,,,,,,,,,,,,,,,,,,,
,145.0253118,-37.828703,,no,gas,,,,,,,,,,,,,,,,,,,
,144.9732809,-37.7712617,,no,electric,,,,,,,,,,,,,,,,,,,
,144.9769611,-37.7700508,,no,electric,,,,,,,,,,,,,,,,,,,
,145.5096431,-38.0579371,,yes,electric,,,,,,,,,,,,,,,,,,,
,144.987452,-37.7598247,,no,electric,,,,,,,,,,,,,,,,,,,
,145.2117849,-37.8108249,,,,,,,,,,,,,,,,,,,,,,
,144.9856708,-37.7742821,,no,electric,,,,,,,,,,,,,,,,,,,
,145.0872332,-37.8583623,,,,,,,,,,,,,,,,,,,,,,
,145.0862917,-37.862606,,,,,,,,,,,,,,,,,,,,,,
,145.2367221,-37.8125727,,,,,,,,,,,,,,,,,,,,,,
,145.2382694,-37.8128447,,,,,,,,,,,,,,,,,,,,,,
,145.135443,-38.15324,,,,,,,,,,,,,,,,,,,,,,
,145.1369784,-38.1529573,,,,,,,,,,,,,,,,,,,,,,
,145.1378072,-38.1521472,,,,,,,,,,,,,,,,,,,,,,
,145.1375014,-38.1528074,,,,,,,,,,,,,,,,,,,,,,
,145.1374182,-38.1529572,,,,,,,,,,,,,,,,,,,,,,
,145.1376918,-38.1523771,,,,,,,,,,,,,,,,,,,,,,
,145.1376569,-38.1525268,,,,,,,,,,,,,,,,,,,,,,
,144.9651526,-37.8299788,,,,,,,,,,,,,,,,,,,,,,
,144.9649588,-37.8296543,,,,,,,,,,,,,,,,,,,,,,
,145.140867,-37.908129,,,,,,,,,,,,,,,,,,,,,,
,145.138646,-37.907283,,,,,,,,,,,,,,,,,,,,,,
,145.13966,-37.906978,,,,,,,,,,,,,,,,,,,,,,
,145.140352,-37.907333,,,,,,,,,,,,,,,,,,,,,,
,145.1425669,-37.9060481,,,,,survey,,,,,,,,,,,,,,,,,
,145.2831126,-38.1374171,,,,,,,,,,,,,,,,,,,,,,
,145.283906,-38.1371473,,,,,,,,,,,,,,,,,,,,,,
,145.5370197,-37.6684646,,,,picnic_site,,,,,,,,,,,,,,,,,,
,144.4829258,-37.630382,,,,,,,,,,,,,,,,,,,,,,
,145.2920012,-37.6606797,,,,,,,,,,,,,,,,,,,,,,
,144.9587527,-37.784241,,,,,survey,,,,,,,,,,,,,,,,,
,145.3414399,-38.2158472,,yes,electric,,,,,,,,,,,,,,,,,,,
,145.1849622,-37.766786,,,,picnic_site,,,,,,,,,,,,,,,,,,
,145.102021,-37.635464,,,,,,,,,,,,,,,,,,,,,,
,145.1022537,-37.63588,,,,,,,,,,,,,,,,,,,,,,
,144.980761,-37.413468,,,,,,,,,,,,,,,,,,,,,,
,144.980271,-37.413408,,,,,,,,,,,,,,,,,,,,,,
,145.0862395,-37.7350249,,,,,,,,,,,,,,,,,,,,,,
,145.0885988,-37.7477263,,,,,,,,,,,,,,,,,,,,,,
,145.0465052,-37.8793393,,,,,,,,,,,,,,,,,,,,,,
,145.0735393,-37.7550088,,,,,,,,,,,,,,,,,,,,,,
,145.098109,-37.7516939,,no,wood,,gps,,,,,,,,,,,,,,,,,
,145.0985409,-37.751834,,no,wood,,gps,,,,,,,,,,,,,,,,,
,145.098308,-37.7518749,,no,wood,,gps,,,,,,,,,,,,,,,,,
,145.0987037,-37.7530351,,no,wood,,gps,,,,,,,,,,,,,,,,,
,145.098301,-37.7530679,,no,wood,,gps,,,,,,,,,,,,,,,,,
,145.0966073,-37.7531374,,no,wood,,gps,,,,,,,,,,,,,,,,,
,145.0970277,-37.7533784,,no,wood,,gps,,,,,,,,,,,,,,,,,
,145.0966831,-37.7538779,,no,wood,,gps,,,,,,,,,,,,,,,,,
,145.0969027,-37.7539554,,no,wood,,gps,,,,,,,,,,,,,,,,,
,145.3393316,-38.026618,,,,,survey,,,,,,,,,,,,,,,,,
,145.3418659,-38.0391232,,no,electric,,,,,,,,,,,,,,,,,,,
,145.3417052,-38.0392436,,yes,electric,,,,,,,,,,,,,,,,,,,
,145.3188544,-37.5216166,,no,gas,,survey,,,,,,,,,,,,,,,,,
,144.9847709,-37.7800526,,,,,,,,,,,,,,,,,,,,,,
,144.9799483,-37.7802816,,,,,,,,,,,,,,,,,,,,,,
,145.4780219,-38.0844231,,no,electric,,,no,,,,,,,,,,,,,,,,
,144.9492172,-37.7929533,,,,,,,,,,,,,,,,,,,,,,
,145.4404647,-38.0649557,,no,electric,,,no,,,,,,,,,,,,,,,,
,144.8874457,-37.694539,,,,,,,,,,,,,,,,,,,,,,
,145.1582357,-38.152694,,no,electric,,,,,,,,,,,,,,,,,,,
,145.1584966,-38.15272,,no,electric,,,,,,,,,,,,,,,,,,,
,145.0535055,-37.8508708,,,,,,,,,,,,,,,,,,,,,,
,145.2079276,-37.9800751,,,,,,,,,,,,,,,,,,,,,,
,145.193,-37.6361388,,,,,,,,,,,,,,,,,,,,,,
,145.0126297,-37.7815042,,,,,survey,,,,,,,,,,,,,,,,,
,144.9237628,-37.7937827,,,,,,,,,,,,,,,,,,,,,,
,144.9236447,-37.7913239,,,,,,,,,,,,,,,,,,,,,,
,145.0999927,-37.7061173,,,,,bing,,,,,,,,,,,,,,,,,
,144.9361816,-37.7708881,,,,,,,public electric,,,,,,,,,,,,,,,
,144.9391857,-37.7539522,,no,electric,,,,free- public electric,not_working,,,,,,,,,,,,,,
,145.1025063,-37.6191573,,,,,,,,,,,,,,,,,,,,,,
,145.1025224,-37.6192592,,,,,,,,,,,,,,,,,,,,,,
,144.7430687,-37.8591998,,,,,,,,,,,,,,,,,,,,,,
,145.0266334,-37.7626762,,,,,,,,,,,,,,,,,,,,,,
,144.7189015,-38.171726,,,,,,,,,,,,,,,,,,,,,,
,145.0419029,-37.821207,,no,electric,,,,,,,,,,,,,,,,,,,
,145.2429367,-37.7904175,,yes,,,,,,,,,,,,,,,,,,,,
,145.3177085,-37.8888799,,no,electric,,survey,,,,,,,,,,,,,,,,,
,145.3178884,-37.8894002,,no,electric,,survey,,,,,,,,,,,,,,,,,
,145.3172956,-37.8901482,,no,electric,,survey,,,,,,,,,,,,,,,,,
,145.3172623,-37.8902858,,no,electric,,survey,,,,,,,,,,,,,,,,,
,145.0792213,-37.896187,,,electric,,,,,,,,,,,,,,,,,,,
,145.0791641,-37.8962108,,,,,,,,,2,name,electric,,,,,,,,,,,
,144.788819,-37.7671902,,,,,,,,,,,,,,,,,,,,,,
,145.1916888,-37.637773,,,,,,,,,,,,,,,,,,,,,,
,145.1331077,-37.9097203,,,,,survey,,,,,,,BBQ must be booked through F&S,,,,,,,,,,
,145.0074358,-37.7685404,,,,,,,,,,,,,,,,,,,,,,
,145.003986,-37.768849,,,,,,,,,,,,,,,,,,,,,,
,144.9790331,-37.7837463,,,,,survey,,,,,,,,,,,,,,,,,
,144.3562233,-38.1390831,,,,,,,,,,,,,,,,,,,,,,
,144.3565703,-38.1396226,,,,,,,,,,,,,,,,,,,,,,
,145.0749018,-37.8699436,,,,,Survey,,,,,,,,,,,,,,,,,
,145.0671486,-37.8711082,,,,,http://goo.gl/r97sM,,,,,,,,,,,,,,,,,
,145.1156129,-37.7534627,,,,,,,,,,,,,,,,,,,,,,
,145.1155968,-37.75366,,,,,,,,,,,,,,,,,,,,,,
,145.4403576,-37.9337538,,,,,local knowledge,,,,,,,,,,,,,,,,,
,144.991132,-37.801568,,,,,,,,,,,,,,,,,,,,,,
,144.9306997,-37.7558949,,,,,,,,,,,,,,,,,,,,,,
,144.4255895,-37.6156588,,,,,,,,,,,,,,,,,,,,,,
,144.4250745,-37.6156163,,,,,,,,,,,,,,,,,,,,,,
,144.9708756,-37.8017589,,,,,,,,,,,,,,,,,,,,,,
,144.5764652,-37.3856423,,,,,,,,,,,,,,,,,,,,,,
,144.9951994,-37.7402049,,,electric,,survey,,,,,,,,,,,,,,,,,
,144.9950827,-37.7420509,,,electric,,survey,,,,,,,,,,,,,,,,,
,144.9947681,-37.7413053,,yes,gas,,survey,,,,,,,,,,,,,,,,,
,144.9977351,-37.7418707,,,electric,,survey,,,,,,,,,,,,,,,,,
,145.5033211,-38.216037,,,,,,,,,,,,,,,,,,,,,,
,145.0674839,-37.601563,,,,,,,,,,,,,,,,,,,,,,
,145.2116291,-37.8109302,,,,,,,,,,,,,survey,,,,,,,,,
,145.0036566,-37.7904788,,,,,,,,,,,,,,,,,,,,,,
,144.9264671,-37.7882618,,yes,electric,,,,,,,,,,,,,,,,,,,
,144.9313738,-37.7269911,,,,,,,,,,,,,,,,,,,,,,
,144.9938,-37.788665,,yes,,,,,,,,,,,,,,,,,,,,
,144.962232,-37.795982,,,,,,,,,,,,,,BBQ stove,,,,,,,,
,145.2183221,-37.8126415,,,,,,,,,,,,,,,,,,,,,,
,144.987449,-37.800763,,,,,,,,,,,,,,,,,,,,,,
,145.0253531,-37.8361279,,,,,,,,,,,,,,,,,,,,,,
,144.9605685,-37.720323,,no,electric,,,,,,,,,,,,,,,,,,,
,144.9969977,-37.6626609,,yes,electric,,,,,,,,,,,,,,,,,,,
,144.9230226,-37.7857256,,,,,,,,,,,,,,,,,,,,,,
,145.0949783,-37.5873164,,,,,,,,,,,,,,,,,,,,,,
,145.1007645,-37.5917752,,,,,,,,,,,,,,,,,,,,,,
,145.0992345,-37.5929798,,,,,,,,,,,,,,,,,,,,,,
,144.9251665,-37.7138999,,yes,electric,,,,,,,,,,,,,,,,,,,
,144.9853201,-37.6680842,,yes,electric,,,,,,,,,,,,,,,,,,,
,144.893318,-37.6499084,,yes,electric,,,,,,,,,,,,,,,,,,,
,144.9827295,-37.7335934,,no,electric,,,,,,,,,,,,,,,,,,,
,144.9656301,-37.679846,,yes,electric,,,,,,,,,,,,,,,,,,,
,145.1121602,-38.2066734,,no,,,,,,,,,,,,,,,,,,,,
,145.1125196,-38.2068695,,no,,,,,,,,,,,,,,,,,,,,
,145.2436801,-37.7904947,,,,,,,,,,,,,,,,,,,,,,
,144.3547671,-38.1274199,,,,,,,,,,,,,,,,,,,,,,
,144.922943,-37.6552677,,no,electric,,,,,,,,,,,,,,,,,,,
,145.2306446,-37.8237152,,,,,,,,,,,,,,,,,,,,,,
,144.8844797,-37.732167,,no,electric,,,,,,,,,,,,,,,,,,,
,144.8704871,-37.7258075,,,electric,,,,,,,,,,,,,,,,,,,
,145.1136984,-37.7168111,,no,,,survey,,,,,,,,,,,,,,,,,
,145.1738248,-37.8198678,,,,,,,,,,,,,,,,,,,,,,
,145.1973309,-37.8954088,,,,,,,,,,,,,,,,,,,,,,
,144.926738,-37.749049,,,,,,,,,,,,,,,,,,,,,,
,144.8855687,-37.6749274,,,,,,,,,,,,,,,,,,,,,,
,144.8786446,-37.6825876,,,,,,,,,,,,,,,,,,,,,,
,144.9127686,-37.7427578,,,,,,,,,,,,,,,,,,,,,,
,145.2010663,-37.9043478,,,,,,,,,,,,,,,,,,,,,,
,145.2006172,-37.9048302,,,,,,,,,,,,,,,,,,,,,,
,145.201134,-37.9049318,,,,,,,,,,,,,,,,,,,,,,
,144.8720885,-37.7489174,,,,,,,,,,,,,,,,,,,,,,
,144.8756994,-37.7369958,,,,,,,,,,,,,,,,,,,,,,
,144.8751295,-37.7390501,,,,,,,,,,,,,,,,,,,,,,
,144.8810102,-37.7468066,,,,,,,,,,,,,,,,,,,,,,
,144.8825954,-37.7431909,,,,,,,,,,,,,,,,,,,,,,
,144.8556633,-37.7390161,,,,,,,,,,,,,,,,,,,,,,
,144.892475,-37.7060182,,,,,,,,,,,,,,,,,,,,,,
,144.8995859,-37.7030501,,,,,,,,,,,,,,,,,,,,,,
,145.1392373,-37.914889,,,,,survey,,,,,,,,,,,,,,,,,
,144.8779535,-37.7406866,,,,,,,,,,,,,,Barbecue,,,,,,,,
,144.9972161,-37.80414,,,,,,,,,,,,,,,,,,,,,,
,144.9570652,-37.8216943,,,,,survey,,,,,,,,,,,,,,,,,
,145.009795,-37.8283805,,,,,,,,,,,,,,,,,,,,,,
,144.9119849,-37.7797705,,,,,,,,,,,,,,,,,,,,,,
,144.9123926,-37.7797747,,,,,,,,,,,,,,,,,,,,,,
,144.903418,-37.783475,,,,,,,,,,,,,,,,,,,,,,
,144.9896926,-37.7312759,,,electric,,,,,,,,,,,,,,,,,,,
,144.8995037,-37.7654941,,,,,,,,,,,,,,,,,,,,,,
,144.6474123,-37.8804736,,no,electric,,,,,,,,,,,,,,,,,,,
,144.991279,-37.6660723,,,electric,,,,,,,,,,,,,,,,,,,
,145.051433,-37.727922,,,,,,,,,,,,,,,,,,,,,,
,144.9789707,-37.7766855,,,electric,,,,,,,,,,,,,,,,,,,
,144.9654187,-37.7763324,,yes,electric,,,,,,,,,,,,,,,,,,,
,144.7190459,-38.1715257,,,electric,,,,,,,,,,,,,,,,,,,
,144.719084,-38.1731515,,,electric,,,,,,,,,,,,,,,,,,,
,144.7142349,-38.17574,,,electric,,,,,,,,,,,,,,,,,,,
,144.36191,-38.0830313,,,,,,,,,,,,,,,,,,,,,,
,144.3619097,-38.0830403,,,,,,,,,,,,,,,,,,,,,,
,144.3619094,-38.0830493,,,,,,,,,,,,,,,,,,,,,,
,144.361909,-38.0830583,,,,,,,,,,,,,,,,,,,,,,
,144.3562747,-38.139142,,,electric,,,,,,,,,,,,,,,,,,,
,144.3573488,-38.1405829,,,electric,,,,,,,,,,,,,,,,,,,
,144.3415049,-38.1408114,,,electric,,,,,,,,,,,,,,,,,,,
,144.3414675,-38.1408806,,,electric,,,,,,,,,,,,,,,,,,,
,144.3468455,-38.1433779,,,electric,,,,,,,,,,,,,,,,,,,
,144.3717122,-38.1472381,,,electric,,,,,,,,,,,,yes,,,,,,,
,144.3722459,-38.1472877,,,electric,,,,,,,,,,,,,,,,,,,
,144.3788557,-38.1477736,,,electric,,,,,,,,,,,,,,,,,,,
,144.3788238,-38.1477812,,,electric,,,,,,,,,,,,,,,,,,,
,144.3521036,-38.1558156,,,electric,,,,,,,,,,,,,,,,,,,
,144.3359384,-38.1647656,,,electric,,,,,,,,,,,,,,,,,,,
,144.3361806,-38.164803,,,electric,,,,,,,,,,,,,,,,,,,
,144.3384501,-38.1660159,,,electric,,,,,,,,,,,,,,,,,,,
,144.3903098,-38.0213978,,,electric,,,,,,,,,,,,,,,,,,,
,144.4134448,-38.0369619,,,electric,,,,,,,,,,,,,,,,,,,
,144.5533885,-38.1613563,,,electric,,,,,,,,,,,,,,,,,,,
,144.5746135,-38.1689361,,,electric,,,,,,,,,,,,,,,,,,,
,144.5577072,-38.1796573,,,,,,,,,,,,,,,,,,,,,,
,144.4548783,-38.1875199,,,electric,,,,,,,,,,,,,,,,,,,
,144.4547677,-38.1878481,,,electric,,,,,,,,,,,,,,,,,,,
,144.454438,-38.188271,,,electric,,,,,,,,,,,,,,,,,,,
,144.4544817,-38.1882819,,,electric,,,,,,,,,,,,,,,,,,,
,144.372157,-38.0634232,,,,,,,,,,,,,,,,,,,,,,
,144.372131,-38.0634351,,,electric,,,,,,,,,,,,,,,,,,,
,144.3595115,-38.0735055,,,,,,,,,,,,,,,,,,,,,,
,144.3609267,-38.0906027,,,electric,,,,,,,,,,,,,,,,,,,
,144.3501374,-38.0910805,,,electric,,,,,,,,,,,,,,,,,,,
,144.3725129,-38.1006658,,,electric,,,,,,,,,,,,,,,,,,,
,144.3719937,-38.100876,,,electric,,,,,,,,,,,,,,,,,,,
,144.3594657,-38.1202423,,,electric,,,,,,,,,,,,,,,,,,,
,144.3571062,-38.1221769,,,electric,,,,,,,,,,,,,,,,,,,
,144.3571268,-38.1267599,,,electric,,,,,,,,,,,,,,,,,,,
,144.3564026,-38.1274465,,,electric,,,,,,,,,,,,,,,,,,,
,144.3939448,-38.1861524,,,,,,,,,,,,,,,,,,,,,,
,144.9595217,-37.7469856,,,electric,,,,,,,,,,,,,,,,,,,
,144.9729343,-37.7364602,,yes,electric,,,,,,,,,,,,,,,,,,,
,144.997994,-37.798267,,,,,,,,,,,,,,,,,,,,,,
,145.1408259,-37.966841,,,,,,,,,,,,,,,,,,,,,,
,145.1411918,-37.9539922,,,,,,,,,,,,,,,,,,,,,,
,145.1409903,-37.9549523,,,,,,,,,,,,,,,,,,,,,,
,145.1318567,-37.9573175,,,,,,,,,,,,,,,,,,,,,,
,145.1913002,-38.1516752,,,,,,,,,,,,,,,,,,,,,,
,145.1525879,-38.1230525,,,,,,,,,,,,,,,,,,,,,,
,145.1524848,-38.1230547,,,,,,,,,,,,,,,,,,,,,,
,145.0519236,-37.7216273,,,,,,,,,,,,,,,,,,,,,,
,145.108299,-37.700534,,,electric,,,,,,,,,,,,,,,,,,,
,145.191286,-37.8110357,,no,electric,,,,,,,,,,,,,,,,,,,
,145.0809836,-37.6962156,,,electric,,,,,,,,,,,BBQ,,,,,,,,
,145.0813971,-37.6923588,,yes,electric,,,,,,,,,,,BBQ,,3087,Watsonia North,,,,,
,145.1944199,-37.896612,,,,,,,,,,,,,,,,,,,,,,
,145.010561,-37.798654,,,,,,,,,,,,,,,,,,,,,,
,145.01008,-37.798752,,,,,,,,,,,,,,,,,,,,,,
,145.010557,-37.798227,,,,,,,,,,,,,,,,,,,,,,
,145.1327697,-37.7769921,,no,electric,,,,,,,,Coin operated,,,BBQ,,,,,,,,
,144.9869298,-37.7810844,,,,,,,,,,,,,,,,,,,,,,
,144.9260142,-37.7977751,,,electric,,,,,,,,,,,,,,,,,,,
,145.038374,-37.886069,,,,,,,,,,,,,,,,,,,,,,
,145.0753594,-37.8020994,,no,electric,,,,,,,,,,,,,,,,,,,
,144.9659366,-37.7318076,,,,,,,,,,,,,,,,,,,,,,
,144.9689379,-37.7336785,,,,,,,,,,,,,,,,,,,,,,
,144.9714055,-37.7346012,,,,,,,,,,,,,,,,,,,,,,
,144.9690264,-37.7337591,,,,,,,,,,,,,,,,,,,,,,
,145.1412256,-37.7759702,,,electric,,,,,,,,,,,,,,,,,,,
,145.1412967,-37.7760288,,,electric,,,,,,,,,,,,,,,,,,,
,145.1411798,-37.7761421,,,electric,,,,,,,,,,,,,,,,,,,
,145.1334797,-37.7766411,,,electric,,,,,,,,,,,,,,,,,,,
,145.1333476,-37.7765094,,,electric,,,,,,,,,,,,,,,,,,,
,145.139437,-37.7341354,,no,electric,,,,,,,,,,,,,,,,,,,
,144.993117,-37.8036476,,,,,survey,,,,,,,,,,,,,,,,,
,145.4592491,-37.9307821,,,,,,,,,,,,,,,,,,,,,,
,145.4597382,-37.9301528,,,,,,,,,,,,,,,,,,,,,,
,145.2740091,-37.8338272,,yes,,,,,,,,,,,,,,,,,,,,
,145.1249107,-38.07216,,,,,,,,,,,,,,,,,,,,,,
,145.1156515,-38.1484114,,,,,,,,,,,,,,,,,,,,,,
,145.1170725,-38.1462626,,,,,,,,,,,,,,,,,,,,,,
,145.1169258,-38.1463034,,,,,,,,,,,,,,,,,,,,,,
,145.1158454,-38.1478167,,,,,,,,,,,,,,,,,,,,,,
,144.9545601,-37.7412575,,yes,electric,,,,,,,,,,,,,,,,,,,
,144.7584856,-37.7513161,,,,,,,,,,,,,,,,,,,,,,
,144.746417,-37.749874,,,,,,,,,,,,,,,,,,,,,,
,144.7308437,-37.729278,,,,,,,,,,,,,,,,,,,,,,
,145.2073457,-37.8157312,,,,,,,,,,,,,,,,,,,,,,
,144.8948896,-37.8684214,,,,,,,,,,,,,,,,,,,,,,
,144.8955709,-37.8687517,,,,,,,,,,,,,,,,,,,,,,
,144.9856162,-37.8168566,,,,,,,,,,,,,,,,,,,,,,
,144.985817,-37.8169354,,,,,,,,,,,,,,,,,,,,,,
,145.0319271,-37.9139125,,,,,,,,,,,,,,,,,,,,,,
,145.0315838,-37.914048,,,,,,,,,,,,,,,,,,,,,,
,144.9934669,-37.8909134,,,,,,,,,,,,,,,,,,,,,,
,144.9920078,-37.8857568,,,,,,,,,,,,,,,,,,,,,,
,145.0019223,-37.7404286,,,,,,,,,,,,,,,,,,,,,,
,145.381264,-37.8600768,,,,picnic_site,,,,,,,,,,Woolrich Lookout BBQ,,,,,,,,
,145.3812325,-37.8600343,,,,picnic_site,,,,,,,,,,Woolrich Lookout BBQ,,,,,,,,
,144.6776174,-37.462399,,,,,,,,,,,,,,,,,,,,,,
,144.9225587,-37.8394558,,,,,,,,,,,,,,,,,,Bing,,,,
,145.0157104,-37.819353,,,,,,,,,,,,,,,,,,,,,,
,145.0937844,-37.798157,,,,,,,,,,,,,,,,,,,,,,
,144.6899527,-37.4162569,,,,,,,,,,,,,,BBQ,,,,,,,,
,144.9518993,-37.8336938,,,,,,,,,,,,,,,,,,,,,,
,144.9427626,-37.8188432,,no,,,,,,,,,,,,,,,,,,,,
,145.6941838,-37.7522622,,,,,,,,,,,,,,,,,,,,,,
,145.0938346,-37.7980448,,,,,,,,,,,,,,,,,,,,,,
,145.0569603,-37.646483,,,,,,,,,,,,,,,,,,,,,,
,144.9650384,-37.7985614,,,,,,,,,,,,,,,,,,,,,,
,145.0798397,-37.8241793,,no,electric,,,,,,,,,,,,,,,,,,,
,144.9110768,-37.742624,,no,electric,,,,,,,,,,,,,,,,,,,
,145.2704019,-37.7742641,,,,,,,,,,,,,,,,,,,,,,
,145.1605496,-37.7774693,,,,,,,,,,,,,,,,,,,,,,
,144.7932618,-37.7029044,,,,,,,,,,,,,,,,,,,,,,
,144.8398893,-37.7937167,,,,,,,,,,,,,,,,,,,,,,
,145.0808216,-37.9434187,,,electric,,survey,,,,,,,,,,,,,,,,,
,145.0802444,-37.9438598,,,electric,,survey,,,,,,,,,,,,,,,,,
,144.5879856,-37.685411,,,,,,,,,,,,,,,,,,,,,,
,145.1361067,-37.9105328,,,,,,,,,,,,,,,,,,,,,,
,144.6576832,-37.85982,,,,,,,,,,,,,,,,,,,,,,
,144.9835871,-37.7890776,,,,,,,,yes,,,,,,,,,,,,,,
,145.4582556,-37.9303842,,,,,,,,,,,,,,,,,,,,,,
,145.4590456,-37.9302592,,,,,,,,,,,,,,,,,,,,,,
,145.4590367,-37.9298937,,,,,GPS,,,,,,,,,,,,,,246,246,GPS,
,144.9519214,-37.7955085,,,,,,,,,,,,,,,,,,,,,,
,145.064019,-37.7455091,,no,electric,,,,,,,,,,,,,,,,,,,
,145.2505728,-37.4927086,,,electric,,survey,,,,,,,,,,,,,,,,,
,145.250157,-37.4929495,,yes,electric,,survey,,,,,,,,,,,,,,,,,
,145.2501631,-37.4931507,,yes,electric,,survey,,,,,,,,,,,,,,,,,
,145.2502394,-37.4933125,,yes,electric,,survey,,,,,,,,,,,,,,,,,
,144.9220164,-37.6965306,,,electric,,,,,,,,,,,,,,,,,,,
,144.8507284,-37.6320305,,,,,,,,,,,,,,,,,,,,,,
,144.8504065,-37.6313614,,,,,,,,,,,,,,,,,,,,,,
,144.84917,-37.631372,,,,,,,,,,,,,,,,,,,,,,
,145.3492297,-37.9258038,,,,,,,,,,,,,,,,,,,,,,
,144.9659046,-37.8345906,,,,,,,,,,,,,,,,,,,,,,
,145.2958549,-38.1169696,,,,,,,,,,,,,,,,,,,,,,
,144.9665835,-37.7210079,,no,electric,,,,,yes,,,,,,,,,,,,,,
,145.1782675,-37.9335211,,no,electric,,,,,,,,,,,,,,,,,,,
,144.6143961,-37.9020465,,yes,electric,,,,,,,,,,,,,,,,,,,
,144.6209335,-37.9017011,,yes,electric,,,,,,,,,,,,,,,,,,,
,144.8691999,-37.7961707,,,,,,,,,,,,,,,,,,,,,,
,144.879378,-37.7947645,,,,,,,,,,,,,,,,,,,,,,
,144.8793029,-37.794773,,,,,,,,,,,,,,,,,,,,,,
,145.1347977,-37.9105252,,,,,survey,,,,,,,,,,,,,,,,,
,144.909851,-37.7473575,,no,electric,,,,,,,,,,,,,,,,,,,
,144.9047584,-37.7766798,,yes,electric,,,,,,,,,,,,,,,,,,,
,144.8542318,-37.7603958,,,,,,,,,,,,,,,,,,,,,,
,145.7487078,-37.5103904,,yes,electric,,,,,,,,,,,,,,,,,,,
,145.0579436,-37.7886837,,no,gas,,,,,,,,,,,,,,,,,,,
,145.0614787,-37.7978672,,no,gas,,,,,,,,,,,,,,,,,,,
,145.057617,-37.7897544,,no,gas,,,,,,,,,,,,,,,,,,,
,145.3465892,-37.8748829,,,,,,,,,,,,,,,,,,,,,,
,144.9672514,-37.8385814,,,,,,,,,,,,,,,,,,,,,,
,144.967207,-37.8387867,,,,,,,,,,,,,,,,,,,,,,
,144.9866438,-37.8112297,,,,,,,,,,,,,,,,,,,,,,
,144.4783017,-37.6863821,,no,,,,,,,,,,,,,,,,,,,,
,144.9248358,-37.5725048,,yes,,,,,,,,Need to confirm where in the park this is located exactly.,,,,,,,,,,,,
,144.9915382,-37.7123979,,,,,,,,,,,,,,,,,,,,,,
,144.8143673,-37.7962088,,,,,,,,,,,,,,,,,,,,,,
,144.6319401,-37.8861571,,,,,,,,,,,,,,,,,,,,,,
,144.632219,-37.8864197,,,,,,,,,,,,,,,,,,,,,,
,144.6319833,-37.8860319,,,,,,,,,,,,,,,,,,,,,,
,144.6722557,-37.8847571,,,,,,,,,,,,,,,,,,,,,,
,145.0684856,-37.8116827,,,,,,,,,,,,,,,,,,,,,,
,145.0684856,-37.8117272,,,,,,,,,,,,,,,,,,,,,,
,144.4990649,-37.9641679,,,,,,,,,,,,,,,,,,,,,,
,145.1444557,-37.7765353,,,,,,,,,,,,,,,,,,,,,,
,145.1445509,-37.7769765,,,,,,,,,,,,,,,,,,,,,,
,144.9800411,-37.7622334,,,electric,,,,,,,,,,,,,,,,,,,
,144.9418587,-37.8230456,,,,,,,,,,,,,,,,,,,,,,
,144.9367028,-37.822019,,,,,,,,,,,,,,,,,,,,,,
,145.1765693,-37.911339,,,,,,,,,,,,,,,,,,,,,,
,145.0600347,-38.2138032,,,,,,,,,,,,,,,,,,,,,,
,145.2483797,-38.0721367,,,,,,,,,,,,,,,,,,,,,,
,144.5795402,-37.4055083,,yes,,,,,,,,,,,,,,,,,,,,
,144.5794873,-37.4055025,,yes,,,,,,,,,,,,,,,,,,,,
,144.6474154,-37.880417,,,electric,,,,,,,,,,,,,,,,,,,
,145.2093395,-37.9810571,,,,,,,,,,,,,,,,,,,,,,
,145.2090862,-37.9810274,,,,,,,,,,,,,,,,,,,,,,
,145.0866108,-37.7044511,,no,,,,,,,,,,,,,,,,,,,,
,144.916187,-37.8397713,,,,,,,,,,,,,,,,,,,,,,
,144.9184179,-37.8394607,,,,,,,,,,,,,,,,,,,,,,
,145.0017877,-37.6276968,,,,,,,,,,,,,,,,,,,,,,
,145.0059502,-37.627116,,,,,,,,,,,,,,,,,,,,,,
,145.1258315,-37.8484056,,,,,,,,,,,,,,,,,,,,,,
,144.8981128,-37.8142041,,,,,,,,,,,,,,,,,,,,,,
,145.401266,-37.8758943,,yes,electric,,,,,,,,,,,,,,,,,,,
,145.2952067,-37.9996294,,,,,,,,,,,,,,,,,,,,,,
,144.5656799,-37.7885656,,,,,,,,,,,,,,,,,,,,,,
,144.9821775,-37.7486254,,,,,,,,,,,,,,,,,,,,,,
,145.1722645,-37.7462652,,,,,,,,,,,,,,,,,,,,,,
,144.4329803,-37.65452,,,,,,,,,,,,,,,,,,,,,,
,145.3698647,-37.88838,,,,,,,,,,,,,,,,,,,,,,
,145.36985,-37.8881668,,,,,,,,,,,,,,,,,,,,,,
,144.4405464,-37.6733711,,,,,,,,,,,,,,,,,,,,,,
,144.4405548,-37.6732592,,,,,,,,,,,,,,,,,,,,,,
,144.4359696,-37.686579,,,,,,,,,,,,,,,,,,,,,,
,145.133796,-37.59859,,,electric,,,,,,,,,,,,,,,,,,,
,145.2100671,-37.9662811,,,,,,,,,,,,,,,,,,,,,,
,145.3465298,-37.8749735,,yes,electric,,,,,,,,,,,,,,,,,,,
,145.3687711,-37.8535478,,,,,,,,,,,,,,,,,,,,,,
,144.9692116,-37.7029358,,,,,,,,,,,,,,,,,,,,,,
,144.9704621,-37.7143787,,,electric,,,,,,,,,,,,,,,,,,,
,145.0209864,-37.923125,,,,,,,,,,,,,,,,,,,,,,
,144.413465,-38.0370221,,,electric,,,,,,,,,,,,,,,,,,,
,145.0467453,-37.7224813,,,gas,,,,,,,,,,,,,,,,,,,
,145.0802774,-37.9433599,,,,,,,,,,,,,,,,,,,,,,
,144.9634814,-37.797959,,,,,,,,,,,,,,,,,,,,,,
,145.2255167,-37.8737217,,yes,,,,,,,,,,,,,,,,,,,,
,145.686433,-37.7542271,,yes,gas,,,,,,,,,,,,,,,,,,,
,144.9991503,-37.9398134,,no,electric,,,,,,,,,,,,,,,,,,,
,145.2624798,-37.8692471,,yes,,,,,,,,,,,,,,,,,,,,
,145.1303991,-37.9025175,,no,gas,,,,,,,,,,,,,,,,,,,
,145.2917284,-37.8901073,,yes,electric,,,,,,,,,,,,,,,,,,,
,144.9531387,-37.7743479,,,,,,,,,,,,,,,,,,,,,,
,144.8930612,-37.7647002,,,,,,,,,,,,,,,,,,,,,,
,145.2676642,-37.8391012,,yes,electric,,,,,,,,,,,,,,,,,,,
,145.2098507,-38.0383599,,,,,,,,,,,,,,,,,,,,,,
,145.2091323,-38.0385759,,,,,,,,,,,,,,,,,,,,,,
,145.0086497,-37.6981692,,,,,,,,,,,,,,,,,,,,,,
,144.7349547,-37.7026182,,yes,electric,,,,,yes,,,,"Two grills, free operation.",,,,,,,,,,
,145.1560746,-37.9421544,,,gas,,,,,,,,,,,,,,,,,,,
,145.1267968,-37.9359789,,,,,,,,,,,,,,,,,,,,,,
,145.3008672,-37.780893,,,,,,,,,,,,,,,,,,,,,,
,145.043948,-37.8772134,,no,,,,,,,,,,,,,,,,,,,,
,145.0445157,-37.8772206,,,,,,,,,,,,,,,,,,,,,,
,145.1134702,-38.0524712,,,,,,,,,,,,,,,,,,,,,,
,145.1137862,-38.0524563,,,,,,,,,,,,,,,,,,,,,,
,145.1184138,-38.1438082,,,,,,,,,,,,,,,,,,,,,,
,145.0895265,-37.8973347,,yes,,,,,,,,,,,,,,,,,,,,
,145.0603701,-37.989315,,,,,survey,,,,,,,,,,,,,,,,,
,145.00685,-37.6765717,,,,,,,,,,,,,,,,,,,,,,
,144.9930408,-37.7682398,,,,,,,,,,,,,,,,,,,,,,
,145.1556562,-37.9970498,,,,,,,,,,,,,,,,,,,,,,
,145.1557481,-37.9970493,,,,,,,,,,,,,,,,,,,,,,
,145.1170347,-38.1462325,,,,,,,,,,,,,,,,,,,,,,
,145.3173252,-37.8907049,,,,,,,,,,,,,,,,,,,,,,
,145.3177131,-37.8905464,,yes,,,,,,,,,,,,,,,,,,,,
,145.31785,-37.8895626,,,,,,,,,,,,,,,,,,,,,,
,145.3169936,-37.8912446,,,,,,,,,,,,,,,,,,,,,,
,145.3194906,-37.8725511,,,,,,,,,,,,,,,,,,,,,,
,145.3171655,-37.8910641,,,,,,,,,,,,,,,,,,,,,,
,145.317249,-37.8909099,,,,,,,,,,,,,,,,,,,,,,
,145.0523036,-37.9509631,,,,,survey,,,,,,,,,,,,,,,,,
,145.1255239,-38.103864,,,,,,,,,,approx location only,,,,,,,,,,,,
,145.0146312,-37.9599259,,,,,survey,,,,,,,,,,,,,,,,,
,144.9641964,-37.8212576,,,,,,,,,,,,,,,,,,,,,,
,144.959221,-37.8008141,,,,,,,,permissive,,,,,,,,,,,,,,University of Melbourne
,144.9831484,-37.7859107,,no,gas,,,,,,,,,,,,,,,,,,,
,145.0157286,-37.9758764,,,,,survey,,,,,,,,,,,,,,,,,
,145.0155409,-37.9759208,,,,,survey,,,,,,,,,,,,,,,,,
,145.0490946,-37.9649009,,no,,,survey,,,,,,,,,,,,,,,,,
,145.130307,-37.9127957,,yes,electric,,,,,yes,,,,,,,,,,,,,,
,145.1250453,-37.7166755,,yes,electric,,,,,,,,,,,,,,,,,,,
,144.9510462,-37.7950528,,,,,,,,,,,,,,,,,,,,,,
,145.0503223,-37.828425,,,,,,,,,,,,,,,,,,,,,,
,144.963809,-37.7970335,,,,,,,,,,,,,,,,,,,,,,
,144.9629449,-37.7980536,,,,,,,,,,,,,,,,,,,,,,
,144.9617872,-37.7990584,,,,,,,,,,,,,,,,,,,,,,
,145.2252929,-37.860749,,,,,,,,,,,,,,,,,,,,,,
,145.3588101,-37.9167764,,,electric,,,,,,,,,,,,,,,,,,,
,145.3598079,-37.916713,,,electric,,,,,,,,,,,,,,,,,,,
,145.0539941,-37.6807869,,,,,,,,,,,,,,,,,,,,,,
,144.9423298,-37.8205514,,yes,gas,,,,,,,,,,,,,,,,,,,
,144.9453282,-37.8205479,,no,,,,,,,,,,,,,,,,,,,,
,144.9448729,-37.8204982,,no,,,,,,,,,,,,,,,,,,,,
,144.8898682,-37.6143891,,,,,,,,,,,,,,,,,,,,,,
,145.0383545,-37.7541375,,,electric,,,,,,,,,,,,,,,,,,,
,145.038299,-37.7542528,,,electric,,,,,,,,,,,,,,,,,,,
,145.1261624,-37.7004003,,,,,,,,,,,,,,,,,,,,,,
,144.9750997,-37.8200876,,,,,,,,,,,,,,,,,,,,,,
,144.9748099,-37.8198173,,,,,,,,,,,,,,,,,,,,,,
,144.9460792,-37.8196488,,,,,,,,,,,,,,,,,,,,,,
,144.9465268,-37.8208681,,,,,,,,,,,,,,,,,,,,,,
,145.0091925,-37.6255235,,,,,,,,,,,,,,,,,,,,,,
,145.0048701,-37.6223409,,,,,,,,,,,,,,,,,,,,,,
,145.5500088,-37.6426378,,no,gas,,,,,,,,,,,,,,,,,,,
,145.2168773,-37.9919203,,,,,,,,,,,,,,,,,,,,,,
,144.9833845,-37.8278556,,,,,,,,,,,,,,,,,,,,,,
,144.9829526,-37.827781,,,,,,,,,,,,,,,,,,,,,,
,144.9826798,-37.8277265,,,,,,,,,,,,,,,,,,,,,,
,144.9824133,-37.8276745,,,,,,,,,,,,,,,,,,,,,,
,144.9816671,-37.8274463,,,,,,,,,,,,,,,,,,,,,,
,144.9819374,-37.827542,,,,,,,,,,,,,,,,,,,,,,
,145.2166774,-37.9917592,,,,,,,,,,,,,,,,,,,,,,
,145.0154686,-37.6300708,,,,,,,,,,,,,,,,,,,,,,
,144.9180957,-37.5765588,,,,,,,,,,,,,,,,,,,,,,
,144.9180322,-37.5766161,,,,,,,,,,,,,,,,,,,,,,
,144.5505888,-38.1686061,,,,,,,,,,,,,,,,,,,,,,
,145.680887,-37.7068218,,,,,,,,,,,,,,,,,,,,,,
,145.0032016,-37.7914629,,,electric,,,,,,,,,,,,,,,,,,,
,144.997046,-37.798985,,,electric,,,,,,,,,,,,,,,,,,,
,144.9867792,-37.8216741,,,,,,,,,,,,,,,,,,,,,,
,145.2032449,-38.0060952,,,,,,,,,,,,,,,,,,,,,,
,145.2030446,-38.0059511,,,,,,,,,,,,,,,,,,,,,,
,145.0944087,-37.8547689,,,electrical,,,,,,,,,,,,,,,,,,,
,144.7708419,-37.8856326,,,,,,,,,,,,,,,,,,,,,,
,144.8943936,-37.8310962,,,,,,,,,,,,,,,,,,,,,,
,144.9365514,-37.8379995,,no,electric,,,,,,,,,,,,,,,,,,,
,145.1615482,-37.8239741,,,gas,,,,,,,,,,,,,,,,,,,
,145.0438133,-37.742795,,,gas,,,,,publioc,,,,,,,,,,,,,,
,144.9390926,-37.7561068,,no,electric,,,,,,,,,,,,,,,,,,,
,145.0491558,-37.8404659,,,,,,,,,,,,,,,,,,,,,,
,144.9398273,-37.7608363,,,,,,,,,,,,,,,,,,,,,,
,145.0715403,-37.8322465,,,electric,,,,,yes,,,,,,,,,,,,,,
,144.597145,-37.4654878,,,,,,,,,,,,,,,,,,,,,,
,144.9461895,-37.7854587,,,,,,,,,,,,,,,,,,,,,,
,144.9871179,-37.7725627,,,,,,,,,,,,,,,,,,,,,,
,145.1647102,-38.092279,,,,,,,,,,,,,,,,,,,,,,
,144.9523205,-37.7336645,,,,,,,,,,,,,,,,,,,,,,
,145.0644272,-37.6707381,,,,,,,,,,,,,,,,,,,,,,
